{"cameraMode":{"drawMode":0,"name":"Shaded","section":"Shading Mode"},"sceneLighting":true,"audioPlay":false,"sceneViewState":{"m_AlwaysRefresh":false,"showFog":true,"showSkybox":true,"showFlares":true,"showImageEffects":true,"showParticleSystems":true,"showVisualEffectGraphs":true,"m_FxEnabled":true},"in2DMode":false,"pivot":{"x":17.17833137512207,"y":0.999962329864502,"z":7.660828590393066},"rotation":{"x":0.0009004537714645267,"y":-0.9954715967178345,"z":0.09466385841369629,"w":0.009563690051436425},"size":1.209338665008545,"orthographic":false}